{"cameraMode":{"drawMode":0,"name":"Shaded","section":"Shading Mode"},"sceneLighting":true,"audioPlay":false,"sceneViewState":{"showFog":true,"showMaterialUpdate":false,"showSkybox":true,"showFlares":true,"showImageEffects":true,"showParticleSystems":true,"showVisualEffectGraphs":true,"m_FxEnabled":true},"in2DMode":false,"pivot":{"x":0.35280001163482668,"y":0.5010640621185303,"z":-1.5565129518508912},"rotation":{"x":0.07036994397640228,"y":-0.9235785007476807,"z":0.31572777032852175,"w":0.20584708452224732},"size":1.2724943161010743,"orthographic":false}