{"cameraMode":{"drawMode":0,"name":"Shaded","section":"Shading Mode"},"sceneLighting":true,"audioPlay":false,"sceneViewState":{"showFog":true,"showMaterialUpdate":false,"showSkybox":true,"showFlares":true,"showImageEffects":true,"showParticleSystems":true,"showVisualEffectGraphs":true,"m_FxEnabled":true},"in2DMode":false,"pivot":{"x":0.010053381323814392,"y":0.9076297283172607,"z":0.2353973388671875},"rotation":{"x":-0.24145908653736115,"y":0.01513079646974802,"z":-0.0037633704487234356,"w":-0.970289409160614},"size":3.4133386611938478,"orthographic":false}