{"cameraMode":{"drawMode":0,"name":"Shaded","section":"Shading Mode"},"sceneLighting":false,"audioPlay":false,"sceneViewState":{"showFog":true,"showMaterialUpdate":false,"showSkybox":false,"showFlares":true,"showImageEffects":true,"showParticleSystems":true,"showVisualEffectGraphs":true,"m_FxEnabled":true},"in2DMode":false,"pivot":{"x":0.010053396224975586,"y":0.9076297283172607,"z":0.2353973388671875},"rotation":{"x":0.3234711289405823,"y":0.004257404711097479,"z":-0.0014556582318618894,"w":0.9462302327156067},"size":0.8660253882408142,"orthographic":false}